,Atoms,Cumulative ESP Hirshfeld_I,ESP Hirshfeld_I,Hirshfeld_I ESP First Coor Shell (kcal/mol),Hirshfeld_I ESP Second Coor Shell (kcal/mol),Name,Partial Charge Hirshfeld_I,Sorted Distances,Sorted ESP Hirshfeld_I,Total Charge
0,C,"[ 1.71401402e+02  5.18054983e+02  4.55382355e+02  5.21552632e+02
  4.17666481e+02  4.07200388e+02  7.07877842e+00  7.30926486e+00
 -3.07900045e+02  6.79275882e+01  1.08608068e+02  2.58720499e+02
  3.04181740e+02  2.40284504e+02  2.92878143e+02  3.26997069e+02
  3.02105008e+02  3.47001869e+02  3.84995093e+02  4.94996232e+02
  4.17382656e+02  2.91940158e+02  2.05832990e+02  3.14634339e+02
  3.43987994e+02  1.52700314e+02  1.18451969e+02  9.63850857e+01
 -1.74226667e+01  2.10943836e+02  2.07685720e+02  2.48266559e+02
  1.60336422e+02  9.14275480e+01  1.19278951e+02 -7.99334756e+01
 -5.34678379e+01 -2.78936542e+02 -2.65111441e+02 -1.66474128e+02
 -7.20948848e+01 -1.01265175e+02 -1.35334240e+02 -2.47293040e+02
 -2.15476983e+02 -1.83158271e+02 -3.44307204e+02 -3.20563316e+02
 -2.30812254e+02 -3.98629214e+02 -3.74382291e+02 -3.42464545e+02
 -3.86798027e+02 -3.45557600e+02 -4.19006530e+02 -3.36530025e+02
 -3.52075902e+02 -3.21657142e+02 -1.62771750e+02 -1.36957368e+02
 -1.19111999e+02 -4.13457327e+01 -2.29714726e+02 -4.83959906e+01
 -1.91889971e+01 -8.44128599e+01 -1.41967343e+02 -6.67323481e+01
  1.09881111e+02  9.52428517e+01 -8.19943760e+01 -9.46246888e+01
 -2.34535248e+02 -1.63209409e+02 -1.90723702e+02 -1.19760025e+02
 -9.82833364e+01 -7.01681779e+01 -5.13044427e+01 -2.80910953e+01
 -1.01136242e+01 -1.53003167e+02 -3.22081734e+02 -3.57635262e+02
 -3.59659457e+02 -2.89176360e+02  1.76909069e+02  1.99155082e+02
  2.17906678e+02  2.15588267e+02  3.94463588e+01  5.94209558e+01
 -3.29456831e-01  6.49308021e+01  6.40062218e+01 -1.32100068e+01
 -1.87458631e+02 -1.96186166e+02 -1.27383536e+02 -1.09207194e+02
 -4.17476596e+01 -1.03033862e+02 -1.78974629e+02 -1.57199320e+02
 -1.59947764e+02 -2.35037134e+02 -4.04632217e+02 -3.85027843e+02
 -5.37426443e+02 -1.00695571e+02 -8.29869400e+01 -1.79641296e+01
  4.09788342e+00  6.97417019e+01  4.91820344e+01 -8.03160859e+01
 -5.95281968e+01 -1.34944048e+02 -1.91106561e+02 -4.63216109e+01
 -7.82901047e+01 -5.44141342e+01 -6.40838331e+01 -7.82725648e+01
 -1.84840085e+01 -3.93679897e+01 -1.86615682e+01 -6.66151387e+01
 -9.89709457e+01 -7.83621904e+01 -6.28004302e+01 -8.60923084e+01
 -6.71002969e+01 -4.31477615e+01 -7.65209704e+01 -1.21438080e+02
 -6.52446676e+01 -1.86608494e+02 -1.86896935e+02 -1.67906768e+02
 -3.07830939e+02 -4.16452412e+02 -4.00620236e+02 -4.31984732e+02
 -3.71414860e+02 -3.49142016e+02 -3.58774992e+02 -3.30853746e+02
 -3.15184911e+02 -3.34988387e+02 -2.77176385e+02 -3.20926871e+02
 -4.56546294e+02 -4.99815145e+02 -4.45143801e+02 -4.29856309e+02
 -4.14695867e+02 -3.99407411e+02 -3.42341353e+02 -3.62821840e+02
 -3.42335546e+02 -4.84152066e+02 -6.25194998e+02 -7.66274138e+02
 -7.48808586e+02 -7.31614452e+02 -7.42515028e+02 -7.43374545e+02
 -6.88847802e+02 -6.72939557e+02 -6.81863218e+02 -6.66585629e+02
 -6.46484483e+02 -6.32001483e+02 -5.80967829e+02 -6.09555844e+02
 -4.89492723e+02 -4.36163102e+02 -4.37989927e+02 -3.87788620e+02
 -3.36849318e+02 -3.56542518e+02 -4.01756572e+02 -3.53153492e+02
 -4.10326579e+02 -4.54872391e+02 -4.05985298e+02 -3.92166165e+02
 -4.31968483e+02 -3.81584031e+02 -4.07842449e+02 -4.32720106e+02
 -4.67069266e+02 -4.69490354e+02 -5.66773575e+02 -6.62920273e+02
 -6.63055571e+02 -6.15806052e+02 -6.23008826e+02 -7.34509588e+02
 -8.22996639e+02 -8.17039443e+02 -7.99302380e+02 -7.80833252e+02
 -4.66955110e+02 -4.54458119e+02 -5.66302769e+02 -6.18625437e+02
 -6.03815988e+02 -5.88076592e+02 -7.07359593e+02 -8.01511214e+02
 -7.86992819e+02 -7.69540045e+02 -7.54951991e+02 -8.39723131e+02
 -7.36224893e+02 -7.23071994e+02 -6.76846943e+02 -6.33041746e+02
 -6.20025221e+02 -6.44525637e+02 -5.98023237e+02 -6.38636593e+02
 -6.78549793e+02 -6.84875034e+02 -5.82503556e+02 -6.18656022e+02
 -6.33359908e+02 -5.87852185e+02 -6.75255827e+02 -7.88362289e+02
 -7.45789254e+02 -7.95453727e+02 -7.81566925e+02 -8.05265900e+02
 -8.07324086e+02 -8.43356941e+02 -7.44478611e+02 -6.46492165e+02
 -6.30672378e+02 -5.88230577e+02 -5.74763164e+02 -6.08914177e+02
 -6.24814027e+02 -5.81766436e+02 -6.19659209e+02 -6.34212694e+02
 -6.48949877e+02 -7.31403698e+02 -7.20046642e+02 -7.04308807e+02
 -7.79106654e+02 -7.85266530e+02 -8.00777422e+02 -8.75863376e+02
 -8.60417096e+02 -8.47268355e+02 -8.47959023e+02 -8.06071545e+02
 -7.90587771e+02 -8.06004033e+02 -7.66273809e+02 -7.53465128e+02
 -7.99889935e+02 -8.74042339e+02 -9.19989588e+02 -9.54095886e+02
 -9.43193939e+02 -1.03775534e+03 -1.14035742e+03 -1.12558642e+03
 -1.11494258e+03 -1.10421692e+03 -1.09372551e+03 -1.00481131e+03
 -1.08236945e+03 -1.10349823e+03 -1.06598991e+03 -1.02691112e+03
 -1.09712454e+03 -1.05752857e+03 -1.04712178e+03 -1.05264396e+03
 -1.06584116e+03 -1.05484231e+03 -1.04440389e+03 -1.13411299e+03
 -1.22200795e+03 -1.21040763e+03 -1.12627754e+03 -1.11592686e+03
 -1.12852351e+03 -1.19522750e+03 -1.23538324e+03 -1.19925234e+03
 -9.60644137e+02 -9.26474592e+02 -9.39955915e+02 -9.03737175e+02
 -9.34890512e+02 -9.25321571e+02 -9.64843285e+02 -9.77674741e+02
 -1.00809621e+03 -9.98971438e+02 -1.08586446e+03 -1.07526142e+03
 -1.08629818e+03 -1.05412765e+03 -1.04507493e+03 -1.12951697e+03
 -1.14064712e+03 -1.10888464e+03 -1.10005704e+03 -1.18270179e+03
 -1.17266059e+03 -1.16402819e+03 -1.19217105e+03 -1.20370980e+03
 -1.21506859e+03 -1.24252500e+03 -1.23301766e+03 -1.22498766e+03
 -1.21703794e+03 -1.20779242e+03]",-1207.7924178155838,455.38235525561385,7.078778423004454,/home/manets12/DavidMimichrome/ABAJOD,-0.2833744031,"[1.07958314e-10 1.38731104e-10 1.41079401e-10 2.15776798e-10
 2.43169518e-10 2.44066712e-10 2.44738697e-10 2.82034636e-10
 2.85067492e-10 3.02008736e-10 3.17212329e-10 3.34224395e-10
 3.41266283e-10 3.74731820e-10 3.84991440e-10 4.08458210e-10
 4.10729853e-10 4.12554367e-10 4.12806345e-10 4.25315664e-10
 4.41401181e-10 4.47466511e-10 4.57232567e-10 4.57727604e-10
 4.58881735e-10 4.66796554e-10 4.77146416e-10 4.86259759e-10
 4.92740631e-10 4.93145562e-10 4.99257083e-10 5.01122528e-10
 5.05927538e-10 5.07271376e-10 5.09215557e-10 5.12697410e-10
 5.15380060e-10 5.17593157e-10 5.19986727e-10 5.20236812e-10
 5.29415351e-10 5.36304742e-10 5.36954124e-10 5.42452043e-10
 5.50739054e-10 5.52846548e-10 5.59055159e-10 5.64204229e-10
 5.64765690e-10 5.78294402e-10 5.81844945e-10 5.83110768e-10
 5.96405634e-10 6.02565424e-10 6.06733473e-10 6.09842968e-10
 6.12264891e-10 6.13072854e-10 6.14645431e-10 6.14827170e-10
 6.17245187e-10 6.21798782e-10 6.25622727e-10 6.29355489e-10
 6.35683865e-10 6.40611387e-10 6.43407178e-10 6.44534501e-10
 6.48814621e-10 6.50481727e-10 6.61406328e-10 6.65248611e-10
 6.66471129e-10 6.69963397e-10 6.70429999e-10 6.71117628e-10
 6.74971601e-10 6.75638059e-10 6.77093953e-10 6.78831630e-10
 6.82470209e-10 6.93344851e-10 6.93657842e-10 7.09306110e-10
 7.11947047e-10 7.12878034e-10 7.13266381e-10 7.19047927e-10
 7.19269164e-10 7.20027763e-10 7.20745810e-10 7.22865046e-10
 7.28223168e-10 7.33325039e-10 7.34092887e-10 7.35201445e-10
 7.36215831e-10 7.39757040e-10 7.43504835e-10 7.46588927e-10
 7.47217992e-10 7.47495623e-10 7.50201154e-10 7.51490651e-10
 7.53892770e-10 7.54173964e-10 7.56900776e-10 7.60409633e-10
 7.61240447e-10 7.63586187e-10 7.63928585e-10 7.65099430e-10
 7.68566600e-10 7.70671470e-10 7.76075646e-10 7.79180790e-10
 7.83878338e-10 7.84552758e-10 7.85957743e-10 7.86624315e-10
 7.86765358e-10 7.89546669e-10 7.99254215e-10 8.00546173e-10
 8.04808014e-10 8.06104349e-10 8.06605111e-10 8.07764882e-10
 8.10741126e-10 8.16164415e-10 8.16428794e-10 8.20506085e-10
 8.24838148e-10 8.25306487e-10 8.26511731e-10 8.31395315e-10
 8.31840944e-10 8.32489706e-10 8.33416211e-10 8.36618895e-10
 8.45650009e-10 8.46966617e-10 8.47215666e-10 8.48976049e-10
 8.49893527e-10 8.55271713e-10 8.55294263e-10 8.56045788e-10
 8.57716470e-10 8.58392732e-10 8.60633713e-10 8.63714662e-10
 8.66942371e-10 8.69155438e-10 8.72900770e-10 8.74666960e-10
 8.81979281e-10 8.85471396e-10 8.92410852e-10 8.94328160e-10
 8.95306025e-10 9.03137475e-10 9.03687447e-10 9.06194514e-10
 9.07478147e-10 9.12284590e-10 9.13871197e-10 9.15098256e-10
 9.16648680e-10 9.21580403e-10 9.25416504e-10 9.32721046e-10
 9.33004964e-10 9.33745674e-10 9.43388774e-10 9.47767578e-10
 9.54402053e-10 9.56422543e-10 9.60059893e-10 9.63424703e-10
 9.65210530e-10 9.69020959e-10 9.75320354e-10 9.78586547e-10
 9.79722518e-10 9.82333249e-10 9.82349645e-10 9.83449060e-10
 9.85259838e-10 9.87947156e-10 9.89654376e-10 9.91472047e-10
 9.93215968e-10 9.93433431e-10 9.98697020e-10 1.02168279e-09
 1.02181260e-09 1.03084328e-09 1.04701619e-09 1.04802144e-09
 1.05115161e-09 1.05167571e-09 1.05374618e-09 1.06060576e-09
 1.06146586e-09 1.06362366e-09 1.06364103e-09 1.06488714e-09
 1.06541787e-09 1.06559426e-09 1.06696155e-09 1.06719534e-09
 1.07274371e-09 1.07828490e-09 1.07937741e-09 1.08204751e-09
 1.08723615e-09 1.08780919e-09 1.08997937e-09 1.09335057e-09
 1.09380856e-09 1.09617230e-09 1.09754680e-09 1.10145241e-09
 1.10420198e-09 1.11150112e-09 1.11248524e-09 1.11544546e-09
 1.11773367e-09 1.11890185e-09 1.12076680e-09 1.12254848e-09
 1.12602693e-09 1.13287278e-09 1.13769505e-09 1.14216023e-09
 1.14225231e-09 1.14480431e-09 1.14598829e-09 1.15475114e-09
 1.15582669e-09 1.15603616e-09 1.16245588e-09 1.16641042e-09
 1.17235521e-09 1.17468694e-09 1.17892665e-09 1.17905118e-09
 1.18676651e-09 1.18687594e-09 1.18769744e-09 1.19043143e-09
 1.19450282e-09 1.19626523e-09 1.19632579e-09 1.19772311e-09
 1.20034165e-09 1.20250745e-09 1.20269278e-09 1.20283324e-09
 1.20574922e-09 1.20786787e-09 1.20843042e-09 1.21465503e-09
 1.22189978e-09 1.22338722e-09 1.22524805e-09 1.22713344e-09
 1.22715826e-09 1.24721494e-09 1.24891709e-09 1.25212924e-09
 1.25755227e-09 1.26289298e-09 1.26342835e-09 1.27524947e-09
 1.27534597e-09 1.27617053e-09 1.27738704e-09 1.27746001e-09
 1.27974468e-09 1.28030962e-09 1.28037516e-09 1.28678915e-09
 1.28827967e-09 1.29223199e-09 1.29257988e-09 1.30580490e-09
 1.33649275e-09 1.33808714e-09 1.34681030e-09 1.35510364e-09
 1.36624532e-09 1.36869814e-09 1.38402846e-09 1.39345849e-09
 1.39564751e-09 1.40196825e-09 1.40213604e-09 1.40820831e-09
 1.41026498e-09 1.41200177e-09 1.41722381e-09 1.45120858e-09
 1.45605941e-09 1.46053173e-09 1.46901651e-09 1.48926309e-09
 1.49733967e-09 1.49911156e-09 1.50169582e-09 1.50774232e-09
 1.51293859e-09 1.51848422e-09 1.53035751e-09 1.54096101e-09
 1.55134310e-09 1.55827449e-09 1.58622449e-09 1.59286091e-09
 1.60828106e-09 1.61842211e-09 1.65947652e-09 1.67111818e-09
 1.69636872e-09 1.71277082e-09]","[ 1.71401402e+02  3.46653581e+02 -6.26726276e+01  6.61702772e+01
 -1.03886151e+02 -1.04660935e+01 -4.00121609e+02  2.30486440e-01
 -3.15209310e+02  3.75827634e+02  4.06804802e+01  1.50112430e+02
  4.54612410e+01 -6.38972360e+01  5.25936388e+01  3.41189268e+01
 -2.48920615e+01  4.48968616e+01  3.79932240e+01  1.10001139e+02
 -7.76135764e+01 -1.25442497e+02 -8.61071681e+01  1.08801348e+02
  2.93536552e+01 -1.91287680e+02 -3.42483446e+01 -2.20668836e+01
 -1.13807752e+02  2.28366503e+02 -3.25811595e+00  4.05808389e+01
 -8.79301368e+01 -6.89088741e+01  2.78514032e+01 -1.99212427e+02
  2.64656377e+01 -2.25468704e+02  1.38251009e+01  9.86373138e+01
  9.43792427e+01 -2.91702899e+01 -3.40690653e+01 -1.11958800e+02
  3.18160569e+01  3.23187117e+01 -1.61148933e+02  2.37438883e+01
  8.97510618e+01 -1.67816960e+02  2.42469227e+01  3.19177464e+01
 -4.43334821e+01  4.12404271e+01 -7.34489303e+01  8.24765052e+01
 -1.55458767e+01  3.04187595e+01  1.58885392e+02  2.58143825e+01
  1.78453686e+01  7.77662666e+01 -1.88368993e+02  1.81318736e+02
  2.92069935e+01 -6.52238628e+01 -5.75544830e+01  7.52349947e+01
  1.76613459e+02 -1.46382592e+01 -1.77237228e+02 -1.26303129e+01
 -1.39910559e+02  7.13258387e+01 -2.75142930e+01  7.09636772e+01
  2.14766883e+01  2.81151584e+01  1.88637352e+01  2.32133474e+01
  1.79774711e+01 -1.42889542e+02 -1.69078567e+02 -3.55535280e+01
 -2.02419523e+00  7.04830974e+01  4.66085429e+02  2.22460123e+01
  1.87515963e+01 -2.31841137e+00 -1.76141908e+02  1.99745969e+01
 -5.97504126e+01  6.52602589e+01 -9.24580284e-01 -7.72162286e+01
 -1.74248625e+02 -8.72753495e+00  6.88026305e+01  1.81763424e+01
  6.74595340e+01 -6.12862025e+01 -7.59407672e+01  2.17753094e+01
 -2.74844426e+00 -7.50893699e+01 -1.69595083e+02  1.96043746e+01
 -1.52398601e+02  4.36730872e+02  1.77086315e+01  6.50228104e+01
  2.20620130e+01  6.56438185e+01 -2.05596674e+01 -1.29498120e+02
  2.07878891e+01 -7.54158511e+01 -5.61625127e+01  1.44784950e+02
 -3.19684939e+01  2.38759706e+01 -9.66969896e+00 -1.41887317e+01
  5.97885564e+01 -2.08839812e+01  2.07064214e+01 -4.79535704e+01
 -3.23558070e+01  2.06087553e+01  1.55617601e+01 -2.32918782e+01
  1.89920115e+01  2.39525353e+01 -3.33732089e+01 -4.49171095e+01
  5.61934123e+01 -1.21363827e+02 -2.88440897e-01  1.89901669e+01
 -1.39924171e+02 -1.08621473e+02  1.58321761e+01 -3.13644954e+01
  6.05698713e+01  2.22728444e+01 -9.63297564e+00  2.79212455e+01
  1.56688352e+01 -1.98034759e+01  5.78120016e+01 -4.37504858e+01
 -1.35619423e+02 -4.32688517e+01  5.46713439e+01  1.52874926e+01
  1.51604417e+01  1.52884561e+01  5.70660577e+01 -2.04804865e+01
  2.04862934e+01 -1.41816519e+02 -1.41042932e+02 -1.41079140e+02
  1.74655515e+01  1.71941346e+01 -1.09005761e+01 -8.59517458e-01
  5.45267435e+01  1.59082447e+01 -8.92366080e+00  1.52775885e+01
  2.01011463e+01  1.44830005e+01  5.10336534e+01 -2.85880145e+01
  1.20063121e+02  5.33296210e+01 -1.82682555e+00  5.02013076e+01
  5.09393018e+01 -1.96931996e+01 -4.52140548e+01  4.86030799e+01
 -5.71730865e+01 -4.45458123e+01  4.88870930e+01  1.38191333e+01
 -3.98023186e+01  5.03844519e+01 -2.62584178e+01 -2.48776569e+01
 -3.43491594e+01 -2.42108802e+00 -9.72832217e+01 -9.61466976e+01
 -1.35297929e-01  4.72495191e+01 -7.20277474e+00 -1.11500761e+02
 -8.84870509e+01  5.95719527e+00  1.77370633e+01  1.84691281e+01
  3.13878142e+02  1.24969916e+01 -1.11844650e+02 -5.23226684e+01
  1.48094492e+01  1.57393964e+01 -1.19283002e+02 -9.41516206e+01
  1.45183946e+01  1.74527736e+01  1.45880546e+01 -8.47711401e+01
  1.03498238e+02  1.31528990e+01  4.62250517e+01  4.38051967e+01
  1.30165256e+01 -2.45004162e+01  4.65023997e+01 -4.06133560e+01
 -3.99132003e+01 -6.32524019e+00  1.02371477e+02 -3.61524659e+01
 -1.47038861e+01  4.55077226e+01 -8.74036420e+01 -1.13106462e+02
  4.25730353e+01 -4.96644731e+01  1.38868018e+01 -2.36989749e+01
 -2.05818596e+00 -3.60328547e+01  9.88783296e+01  9.79864466e+01
  1.58197869e+01  4.24418005e+01  1.34674129e+01 -3.41510131e+01
 -1.58998500e+01  4.30475910e+01 -3.78927726e+01 -1.45534847e+01
 -1.47371835e+01 -8.24538210e+01  1.13570558e+01  1.57378354e+01
 -7.47978474e+01 -6.15987607e+00 -1.55108921e+01 -7.50859531e+01
  1.54462800e+01  1.31487406e+01 -6.90668359e-01  4.18874787e+01
  1.54837737e+01 -1.54162619e+01  3.97302234e+01  1.28086818e+01
 -4.64248075e+01 -7.41524039e+01 -4.59472487e+01 -3.41062980e+01
  1.09019463e+01 -9.45613964e+01 -1.02602082e+02  1.47709928e+01
  1.06438418e+01  1.07256660e+01  1.04914030e+01  8.89142035e+01
 -7.75581365e+01 -2.11287811e+01  3.75083210e+01  3.90787845e+01
 -7.02134200e+01  3.95959758e+01  1.04067817e+01 -5.52217135e+00
 -1.31972019e+01  1.09988472e+01  1.04384163e+01 -8.97090998e+01
 -8.78949595e+01  1.16003202e+01  8.41300917e+01  1.03506851e+01
 -1.25966518e+01 -6.67039950e+01 -4.01557314e+01  3.61308942e+01
  2.38608204e+02  3.41695450e+01 -1.34813230e+01  3.62187403e+01
 -3.11533375e+01  9.56894130e+00 -3.95217143e+01 -1.28314554e+01
 -3.04214691e+01  9.12477180e+00 -8.68930191e+01  1.06030332e+01
 -1.10367544e+01  3.21705318e+01  9.05272027e+00 -8.44420422e+01
 -1.11301496e+01  3.17624796e+01  8.82759725e+00 -8.26447497e+01
  1.00411986e+01  8.63240558e+00 -2.81428609e+01 -1.15387476e+01
 -1.13587988e+01 -2.74564017e+01  9.50733113e+00  8.03000649e+00
  7.94971402e+00  9.24552636e+00]",-10.000000000500002
1,C,"[-1.98684862e+02  1.22834503e+02  1.11300246e+02  1.80349401e+02
  1.50559224e+02  8.37384797e-01 -4.17240661e+02 -5.15426190e+02
 -3.11981123e+02 -1.26931990e+02 -2.74960012e+02 -3.07860692e+02
 -2.68809105e+02 -2.15877773e+02 -1.69774973e+02  1.50986979e+02
  3.53939562e+02  8.25919787e+01 -1.79361462e+02 -1.33011485e+02
 -9.67278631e+01 -2.19010871e+02 -4.53469150e+02 -3.30387784e+02
 -4.60405272e+02 -4.19775568e+02 -2.28631543e+02 -4.96850334e+02
 -7.99934028e+02 -7.96528530e+02 -9.16366783e+02 -9.13655777e+02
 -6.82057768e+02 -6.43251746e+02 -5.39428840e+02 -2.11987696e+02
 -2.65316657e+02 -3.28045911e+02 -2.25403024e+02 -1.89130677e+02
 -8.92620746e+01 -3.14945849e+02 -2.87657379e+02 -4.57576714e+02
 -5.64958747e+02 -5.38655513e+02 -4.49029493e+02 -4.20268339e+02
 -4.48529246e+02 -6.53325335e+02 -7.31172282e+02 -8.15332149e+02
 -7.27543407e+02 -5.30861308e+02 -7.49539326e+02 -7.80571143e+02
 -7.56705578e+02 -7.85227284e+02 -7.53296564e+02 -1.95191123e+02
 -3.60138085e+02 -3.37013955e+02 -3.14856317e+02 -4.07470175e+02
 -3.85755093e+02 -3.58322832e+02 -3.67540500e+02 -1.84948554e+02
 -2.28633325e+02 -2.03793717e+02 -2.94662823e+02 -2.14215991e+02
 -3.73231263e+02 -5.57774241e+02 -7.01736412e+02 -6.21660481e+02
 -5.99533276e+02 -5.23184136e+02 -5.36256710e+02 -4.57355113e+02
 -4.32328581e+02 -4.11742768e+02 -4.71123172e+02 -4.43446636e+02
 -5.84475660e+02 -6.64645414e+02 -6.36825522e+02 -5.65647116e+02
 -5.40034092e+02 -5.14642889e+02 -5.18921221e+02 -5.44200974e+02
 -4.74806358e+02 -5.35616268e+02 -5.12334535e+02 -6.84611028e+02
 -7.24795007e+02 -7.78812620e+02 -9.63333050e+02 -9.37817161e+02
 -1.01192617e+03 -9.43189379e+02 -9.24126066e+02 -9.06236453e+02
 -9.33101955e+02 -9.07802756e+02 -9.18687428e+02 -4.58191347e+02
 -4.83018296e+02 -5.44590940e+02 -5.70708179e+02 -5.51344414e+02
 -5.74858707e+02 -6.34839283e+02 -5.67024934e+02 -5.49157446e+02
 -7.21459527e+02 -7.01505825e+02 -7.64380459e+02 -9.18911267e+02
 -8.98701753e+02 -8.30391050e+02 -7.66534968e+02 -7.68168548e+02
 -7.95829408e+02 -7.95314389e+02 -7.95612103e+02 -9.60774957e+02
 -9.35649132e+02 -9.14596417e+02 -8.93149052e+02 -8.31619761e+02
 -7.71371355e+02 -8.15024305e+02 -7.98211937e+02 -8.09361110e+02
 -8.08912667e+02 -8.20116717e+02 -8.03553890e+02 -8.36041180e+02
 -7.72858641e+02 -7.73993496e+02 -7.76345563e+02 -8.06455177e+02
 -8.37313443e+02 -8.17958280e+02 -7.95151741e+02 -9.22226623e+02
 -1.03243440e+03 -1.01613084e+03 -9.95345674e+02 -9.78231112e+02
 -1.00906180e+03 -9.91860721e+02 -1.10987205e+03 -1.22671211e+03
 -1.20753345e+03 -1.21045978e+03 -1.19173917e+03 -1.34537755e+03
 -1.32630756e+03 -1.30721886e+03 -1.33862753e+03 -1.28092690e+03
 -1.22393786e+03 -1.09100562e+03 -1.06984352e+03 -1.01355130e+03
 -9.93328408e+02 -1.01534780e+03 -1.02575795e+03 -1.02643962e+03
 -9.67987197e+02 -9.99419053e+02 -9.80848632e+02 -1.02539395e+03
 -9.68280998e+02 -1.01970924e+03 -1.16269008e+03 -1.14652476e+03
 -1.20785885e+03 -1.31659288e+03 -1.19020798e+03 -1.19941507e+03
 -1.22878782e+03 -1.10648535e+03 -1.20545731e+03 -1.18583089e+03
 -1.13446753e+03 -1.08307169e+03 -1.14234500e+03 -1.15010561e+03
 -1.19300770e+03 -1.07327652e+03 -1.05931614e+03 -1.04470586e+03
 -9.92166749e+02 -9.74557624e+02 -1.03254679e+03 -1.01633285e+03
 -9.66477689e+02 -1.01191663e+03 -1.13273304e+03 -1.11684726e+03
 -1.12462977e+03 -1.16690342e+03 -1.11656239e+03 -1.21218903e+03
 -1.25415221e+03 -1.24057350e+03 -1.22682068e+03 -1.32229250e+03
 -1.27247671e+03 -1.25421031e+03 -1.23874215e+03 -1.25578846e+03
 -1.28192109e+03 -1.26557071e+03 -1.35325161e+03 -1.36061721e+03
 -1.37681340e+03 -1.36291376e+03 -1.36449727e+03 -1.41885414e+03
 -1.45514930e+03 -1.56462533e+03 -1.56574037e+03 -1.58298371e+03
 -1.62502320e+03 -1.58004296e+03 -1.59500098e+03 -1.57763043e+03
 -1.53192515e+03 -1.48549291e+03 -1.46830238e+03 -1.57808807e+03
 -1.56528823e+03 -1.65561613e+03 -1.60895816e+03 -1.59209342e+03
 -1.70019145e+03 -1.79041824e+03 -1.74404773e+03 -1.76777137e+03
 -1.75569969e+03 -1.84582926e+03 -1.80027501e+03 -1.83743770e+03
 -1.82530289e+03 -1.83258989e+03 -1.73209822e+03 -1.74741201e+03
 -1.76357040e+03 -1.66225213e+03 -1.64848043e+03 -1.63665208e+03
 -1.62330021e+03 -1.70306987e+03 -1.41014927e+03 -1.36793843e+03
 -1.38400779e+03 -1.36780681e+03 -1.46888567e+03 -1.57223247e+03
 -1.56072593e+03 -1.54892611e+03 -1.62491430e+03 -1.58086104e+03
 -1.48404279e+03 -1.53210365e+03 -1.48880358e+03 -1.39413025e+03
 -1.35141977e+03 -1.38853549e+03 -1.37738489e+03 -1.42424498e+03
 -1.47080415e+03 -1.57588108e+03 -1.30265489e+03 -1.37754803e+03
 -1.33821581e+03 -1.32746114e+03 -1.40083327e+03 -1.50466263e+03
 -1.51890752e+03 -1.53429021e+03 -1.52341611e+03 -1.48418425e+03
 -1.44424599e+03 -1.40677512e+03 -1.45096531e+03 -1.48592632e+03
 -1.58509931e+03 -1.57289778e+03 -1.56273712e+03 -1.66082194e+03
 -1.62352226e+03 -1.63780300e+03 -1.65060871e+03 -1.74785019e+03
 -1.78134414e+03 -1.81443006e+03 -1.82721468e+03 -1.81718521e+03
 -1.80748548e+03 -1.79766945e+03 -1.81128763e+03 -1.80003736e+03
 -1.89331319e+03 -1.85850219e+03 -1.84738765e+03 -1.83613123e+03
 -1.84814548e+03 -1.87982634e+03 -1.89280763e+03 -1.88348648e+03
 -1.87420695e+03 -1.90368635e+03 -1.89327965e+03 -1.90584036e+03
 -1.89714277e+03 -1.88723636e+03 -1.87894916e+03]",-1878.949161794955,111.30024640896704,-311.9811228294925,/home/manets12/DavidMimichrome/CAXFOX,0.0029298765000000003,"[1.41907243e-10 1.43345590e-10 1.43811582e-10 2.17507832e-10
 2.41750383e-10 2.44338002e-10 2.44684132e-10 2.45732340e-10
 2.47622851e-10 2.73875584e-10 2.81211786e-10 2.81385634e-10
 3.40411185e-10 3.42408678e-10 3.45149665e-10 3.56850974e-10
 3.65342420e-10 3.70440347e-10 3.74619911e-10 3.88946424e-10
 3.89558652e-10 3.95581034e-10 4.00195330e-10 4.02660941e-10
 4.04408050e-10 4.10849036e-10 4.36193083e-10 4.41146440e-10
 4.59750215e-10 4.66033021e-10 4.68899625e-10 4.73442803e-10
 4.94049462e-10 4.95711139e-10 4.98125132e-10 4.98911703e-10
 5.04919416e-10 5.08289093e-10 5.08290392e-10 5.09710702e-10
 5.12577403e-10 5.25782075e-10 5.27174520e-10 5.28369823e-10
 5.31889990e-10 5.38944082e-10 5.40142839e-10 5.42006677e-10
 5.67772240e-10 5.69715583e-10 5.73447230e-10 5.74500358e-10
 5.76931336e-10 5.77079209e-10 5.80498640e-10 5.86590198e-10
 5.88355805e-10 5.89211876e-10 5.93631018e-10 5.97399054e-10
 5.99455206e-10 6.01612624e-10 6.03436625e-10 6.13930855e-10
 6.14683195e-10 6.15953668e-10 6.18116287e-10 6.23072160e-10
 6.24584834e-10 6.25108124e-10 6.26939380e-10 6.28815376e-10
 6.30670015e-10 6.30704361e-10 6.33396387e-10 6.34777019e-10
 6.35998558e-10 6.36838849e-10 6.38313001e-10 6.40788494e-10
 6.41279527e-10 6.45230626e-10 6.45239082e-10 6.45700209e-10
 6.54443436e-10 6.67452455e-10 6.69146511e-10 6.69288672e-10
 6.69887153e-10 6.72262780e-10 6.74127932e-10 6.75680141e-10
 6.75984698e-10 6.76474983e-10 6.80503343e-10 6.81206588e-10
 6.81934576e-10 6.90375656e-10 6.93027056e-10 6.93428804e-10
 6.95118889e-10 6.97494843e-10 6.98453183e-10 7.03280496e-10
 7.06076871e-10 7.13954001e-10 7.22062616e-10 7.22904200e-10
 7.24337807e-10 7.26358543e-10 7.29162146e-10 7.34556225e-10
 7.35239023e-10 7.39825064e-10 7.40105416e-10 7.42672875e-10
 7.45682840e-10 7.49103576e-10 7.53510003e-10 7.53694270e-10
 7.53833286e-10 7.54672746e-10 7.57665599e-10 7.64810511e-10
 7.69723664e-10 7.69725932e-10 7.71025172e-10 7.72566067e-10
 7.72663706e-10 7.76419525e-10 7.79475267e-10 7.82960401e-10
 7.85849042e-10 7.87314184e-10 7.88870734e-10 7.90388474e-10
 7.92026154e-10 7.94934695e-10 7.98717789e-10 7.99885237e-10
 8.02121680e-10 8.04948706e-10 8.05236542e-10 8.05402636e-10
 8.05634784e-10 8.06863164e-10 8.07693663e-10 8.09787906e-10
 8.12945074e-10 8.15243594e-10 8.15243889e-10 8.19186394e-10
 8.19530913e-10 8.20632177e-10 8.24302491e-10 8.25599811e-10
 8.26395338e-10 8.27885662e-10 8.29637070e-10 8.33178648e-10
 8.34428369e-10 8.37865686e-10 8.39016611e-10 8.41123557e-10
 8.44249509e-10 8.49058202e-10 8.50202531e-10 8.51885727e-10
 8.54783181e-10 8.56176789e-10 8.56344474e-10 8.65780962e-10
 8.67355923e-10 8.71221234e-10 8.73155534e-10 8.73516372e-10
 8.76989046e-10 8.77171696e-10 8.94431699e-10 8.97192760e-10
 9.08057782e-10 9.09287152e-10 9.10511326e-10 9.10728790e-10
 9.16872627e-10 9.20669137e-10 9.25131159e-10 9.26679961e-10
 9.34497870e-10 9.37596363e-10 9.39702236e-10 9.42965005e-10
 9.47637904e-10 9.47964081e-10 9.48344209e-10 9.50608278e-10
 9.52137596e-10 9.53810352e-10 9.55260493e-10 9.68318647e-10
 9.74501090e-10 9.74944554e-10 9.81027628e-10 9.81280586e-10
 9.82031867e-10 9.84540058e-10 9.91970325e-10 9.92700514e-10
 9.92897223e-10 9.98468370e-10 1.00737337e-09 1.00745725e-09
 1.01398680e-09 1.01662018e-09 1.02016022e-09 1.02521622e-09
 1.02629408e-09 1.02906511e-09 1.02914338e-09 1.03006089e-09
 1.03207583e-09 1.03422344e-09 1.04321711e-09 1.04855974e-09
 1.05019767e-09 1.05998115e-09 1.06040835e-09 1.06141028e-09
 1.06338966e-09 1.06367417e-09 1.06744724e-09 1.07180424e-09
 1.07209188e-09 1.07285543e-09 1.07287667e-09 1.07389734e-09
 1.07513261e-09 1.07585841e-09 1.07608429e-09 1.08502509e-09
 1.08776704e-09 1.09386222e-09 1.09922665e-09 1.09952954e-09
 1.09981820e-09 1.09990837e-09 1.10529781e-09 1.10560906e-09
 1.11422629e-09 1.11885512e-09 1.12022197e-09 1.12166735e-09
 1.12325646e-09 1.12477582e-09 1.12591395e-09 1.13031021e-09
 1.13340136e-09 1.13580147e-09 1.13782706e-09 1.13996008e-09
 1.14177047e-09 1.14183021e-09 1.15569567e-09 1.15831256e-09
 1.16361985e-09 1.16533612e-09 1.16534800e-09 1.16880247e-09
 1.17077486e-09 1.17363061e-09 1.18297018e-09 1.19026949e-09
 1.19073703e-09 1.19571208e-09 1.20443709e-09 1.20622603e-09
 1.20761955e-09 1.21073550e-09 1.21993804e-09 1.22173315e-09
 1.22281057e-09 1.22529105e-09 1.22857761e-09 1.23141722e-09
 1.23315910e-09 1.23410881e-09 1.23482781e-09 1.24132623e-09
 1.26307131e-09 1.27280033e-09 1.28207829e-09 1.28214578e-09
 1.28767785e-09 1.29410934e-09 1.29805707e-09 1.29935846e-09
 1.29957160e-09 1.30555250e-09 1.30608069e-09 1.31137988e-09
 1.32506356e-09 1.33414147e-09 1.33611628e-09 1.34506946e-09
 1.36168999e-09 1.36363185e-09 1.36439177e-09 1.37835762e-09
 1.38019250e-09 1.38047232e-09 1.39525612e-09 1.39546737e-09
 1.41094753e-09 1.41720322e-09 1.43399510e-09 1.43567877e-09
 1.44634887e-09 1.49739741e-09 1.50452532e-09 1.51118334e-09
 1.53308270e-09 1.58608491e-09 1.60966127e-09]","[-1.98684862e+02  3.21519365e+02 -1.15342563e+01  6.90491546e+01
 -2.97901772e+01 -1.49721839e+02 -4.18078046e+02 -9.81855290e+01
  2.03445067e+02  1.85049133e+02 -1.48028022e+02 -3.29006801e+01
  3.90515875e+01  5.29313317e+01  4.61028004e+01  3.20761951e+02
  2.02952583e+02 -2.71347583e+02 -2.61953440e+02  4.63499768e+01
  3.62836218e+01 -1.22283008e+02 -2.34458279e+02  1.23081366e+02
 -1.30017488e+02  4.06297035e+01  1.91144025e+02 -2.68218791e+02
 -3.03083695e+02  3.40549850e+00 -1.19838253e+02  2.71100550e+00
  2.31598010e+02  3.88060211e+01  1.03822907e+02  3.27441143e+02
 -5.33289609e+01 -6.27292537e+01  1.02642887e+02  3.62723465e+01
  9.98686024e+01 -2.25683774e+02  2.72884695e+01 -1.69919335e+02
 -1.07382033e+02  2.63032347e+01  8.96260196e+01  2.87611542e+01
 -2.82609078e+01 -2.04796089e+02 -7.78469463e+01 -8.41598672e+01
  8.77887415e+01  1.96682100e+02 -2.18678018e+02 -3.10318176e+01
  2.38655654e+01 -2.85217066e+01  3.19307208e+01  5.58105441e+02
 -1.64946962e+02  2.31241306e+01  2.21576382e+01 -9.26138589e+01
  2.17150825e+01  2.74322614e+01 -9.21766840e+00  1.82591946e+02
 -4.36847715e+01  2.48396076e+01 -9.08691055e+01  8.04468322e+01
 -1.59015272e+02 -1.84542978e+02 -1.43962171e+02  8.00759315e+01
  2.21272047e+01  7.63491400e+01 -1.30725744e+01  7.89015979e+01
  2.50265312e+01  2.05858137e+01 -5.93804045e+01  2.76765356e+01
 -1.41029024e+02 -8.01697543e+01  2.78198921e+01  7.11784059e+01
  2.56130243e+01  2.53912029e+01 -4.27833172e+00 -2.52797528e+01
  6.93946158e+01 -6.08099099e+01  2.32817330e+01 -1.72276493e+02
 -4.01839787e+01 -5.40176137e+01 -1.84520430e+02  2.55158893e+01
 -7.41090072e+01  6.87367885e+01  1.90633132e+01  1.78896136e+01
 -2.68655022e+01  2.52991986e+01 -1.08846717e+01  4.60496081e+02
 -2.48269490e+01 -6.15726438e+01 -2.61172392e+01  1.93637654e+01
 -2.35142928e+01 -5.99805764e+01  6.78143491e+01  1.78674879e+01
 -1.72302081e+02  1.99537020e+01 -6.28746341e+01 -1.54530808e+02
  2.02095139e+01  6.83107031e+01  6.38560818e+01 -1.63358034e+00
 -2.76608601e+01  5.15019631e-01 -2.97714750e-01 -1.65162854e+02
  2.51258255e+01  2.10527149e+01  2.14473646e+01  6.15292911e+01
  6.02484067e+01 -4.36529503e+01  1.68123678e+01 -1.11491733e+01
  4.48443530e-01 -1.12040504e+01  1.65628275e+01 -3.24872906e+01
  6.31825398e+01 -1.13485499e+00 -2.35206766e+00 -3.01096139e+01
 -3.08582661e+01  1.93551633e+01  2.28065392e+01 -1.27074882e+02
 -1.10207778e+02  1.63035582e+01  2.07851690e+01  1.71145618e+01
 -3.08306927e+01  1.72010832e+01 -1.18011329e+02 -1.16840062e+02
  1.91786623e+01 -2.92632721e+00  1.87206086e+01 -1.53638382e+02
  1.90699883e+01  1.90887046e+01 -3.14086711e+01  5.77006291e+01
  5.69890346e+01  1.32932242e+02  2.11620977e+01  5.62922234e+01
  2.02228933e+01 -2.20193942e+01 -1.04101500e+01 -6.81663968e-01
  5.84524192e+01 -3.14318565e+01  1.85704214e+01 -4.45453149e+01
  5.71129490e+01 -5.14282423e+01 -1.42980844e+02  1.61653196e+01
 -6.13340811e+01 -1.08734036e+02  1.26384898e+02 -9.20708283e+00
 -2.93727491e+01  1.22302471e+02 -9.89719683e+01  1.96264193e+01
  5.13633656e+01  5.13958363e+01 -5.92733043e+01 -7.76061232e+00
 -4.29020954e+01  1.19731181e+02  1.39603792e+01  1.46102850e+01
  5.25391100e+01  1.76091255e+01 -5.79891690e+01  1.62139437e+01
  4.98551595e+01 -4.54389402e+01 -1.20816411e+02  1.58857818e+01
 -7.78251054e+00 -4.22736482e+01  5.03410305e+01 -9.56266450e+01
 -4.19631813e+01  1.35787092e+01  1.37528276e+01 -9.54718211e+01
  4.98157892e+01  1.82663940e+01  1.54681669e+01 -1.70463082e+01
 -2.61326373e+01  1.63503780e+01 -8.76808966e+01 -7.36560046e+00
 -1.61961870e+01  1.38996338e+01 -1.58350343e+00 -5.43568675e+01
 -3.62951638e+01 -1.09476035e+02 -1.11503742e+00 -1.72433429e+01
 -4.20394822e+01  4.49802329e+01 -1.49580183e+01  1.73705485e+01
  4.57052843e+01  4.64322415e+01  1.71905236e+01 -1.09785688e+02
  1.27998474e+01 -9.03279051e+01  4.66579688e+01  1.68647400e+01
 -1.08098028e+02 -9.02267909e+01  4.63705078e+01 -2.37236377e+01
  1.20716833e+01 -9.01295776e+01  4.55542517e+01 -3.71626880e+01
  1.21348089e+01 -7.28699552e+00  1.00491669e+02 -1.53137934e+01
 -1.61583884e+01  1.01318271e+02  1.37716965e+01  1.18283542e+01
  1.33518662e+01 -7.97696611e+01  2.92920600e+02  4.22108424e+01
 -1.60693557e+01  1.62009762e+01 -1.01078857e+02 -1.03346806e+02
  1.15065435e+01  1.17998145e+01 -7.59881828e+01  4.40532570e+01
  9.68182468e+01 -4.80608592e+01  4.33000688e+01  9.46733317e+01
  4.27104853e+01 -3.71157245e+01  1.11505979e+01 -4.68600908e+01
 -4.65591649e+01 -1.05076933e+02  2.73226194e+02 -7.48931372e+01
  3.93322167e+01  1.07546735e+01 -7.33721317e+01 -1.03829368e+02
 -1.42448880e+01 -1.53826850e+01  1.08740973e+01  3.92318630e+01
  3.99382584e+01  3.74708731e+01 -4.41901915e+01 -3.49610174e+01
 -9.91729881e+01  1.22015329e+01  1.01606622e+01 -9.80848194e+01
  3.72996762e+01 -1.42807395e+01 -1.28057140e+01 -9.72414781e+01
 -3.34939517e+01 -3.30859207e+01 -1.27846193e+01  1.00294779e+01
  9.69972743e+00  9.81602513e+00 -1.36181784e+01  1.12502727e+01
 -9.32758275e+01  3.48109959e+01  1.11145366e+01  1.12564267e+01
 -1.20142530e+01 -3.16808643e+01 -1.29812831e+01  9.32114445e+00
  9.27952906e+00 -2.94793910e+01  1.04066960e+01 -1.25607140e+01
  8.69759519e+00  9.90641221e+00  8.28719429e+00]",-10.999999999300007
